City_ID,City,Country,Date,Lat,Lng,Max Temp,Humidity,Cloudiness,Wind Speed
0,Yuzhnyy,RU,2022-02-02 16:22:33,53.2542,83.6936,12.58,85,98,2.24
1,Punta Arenas,CL,2022-02-02 16:22:24,-53.15,-70.9167,48.31,87,75,8.05
2,Fairbanks,US,2022-02-02 16:17:36,64.8378,-147.7164,-32.84,67,0,0.0
3,Misratah,LY,2022-02-02 16:22:34,32.3754,15.0925,58.12,61,78,26.42
4,Atuona,PF,2022-02-02 16:22:35,-9.8,-139.0333,78.03,79,73,17.63
5,Provideniya,RU,2022-02-02 16:22:35,64.3833,-173.3,5.14,66,0,22.86
6,Jawhar,SO,2022-02-02 16:22:35,2.7809,45.5005,81.36,62,96,19.26
7,Grand Gaube,MU,2022-02-02 16:22:36,-20.0064,57.6608,81.0,86,100,21.0
8,Port Alfred,ZA,2022-02-02 16:22:36,-33.5906,26.891,83.03,69,97,2.21
9,Helong,CN,2022-02-02 16:22:37,42.5397,128.9972,4.42,84,18,5.93
10,Fort-Shevchenko,KZ,2022-02-02 16:22:37,44.5086,50.263,42.71,77,19,10.2
11,Hasaki,JP,2022-02-02 16:22:38,35.7333,140.8333,27.0,35,1,3.62
12,Yellowknife,CA,2022-02-02 16:22:38,62.456,-114.3525,-35.72,77,20,4.61
13,Albany,US,2022-02-02 16:19:07,42.6001,-73.9662,41.58,77,100,5.01
14,Port Blair,IN,2022-02-02 16:22:39,11.6667,92.75,78.84,78,40,6.91
15,Gushikawa,JP,2022-02-02 16:22:39,26.3544,127.8686,67.23,95,75,3.44
16,Tura,IN,2022-02-02 16:22:40,25.5198,90.2201,56.23,64,0,4.25
17,Guarapari,BR,2022-02-02 16:22:40,-20.6667,-40.4975,82.29,84,100,1.45
18,Laramie,US,2022-02-02 16:22:41,41.3114,-105.5911,6.1,69,0,4.0
19,Aloleng,PH,2022-02-02 16:22:42,16.1307,119.7824,77.54,73,15,8.86
20,Mataura,NZ,2022-02-02 16:22:42,-46.1927,168.8643,56.48,99,100,6.17
21,Rabo De Peixe,PT,2022-02-02 16:22:43,37.8,-25.5833,63.28,93,20,9.22
22,Cape Town,ZA,2022-02-02 16:21:22,-33.9258,18.4232,70.09,89,100,3.0
23,Guane,CU,2022-02-02 16:22:43,22.2025,-84.0875,77.59,68,90,15.77
24,Qaanaaq,GL,2022-02-02 16:22:44,77.484,-69.3632,-23.78,66,31,8.57
25,Bathsheba,BB,2022-02-02 16:22:44,13.2167,-59.5167,84.81,65,40,16.11
26,Lebu,CL,2022-02-02 16:22:44,-37.6167,-73.65,65.88,72,38,7.7
27,Hovd,MN,2022-02-02 16:22:45,48.0056,91.6419,-5.78,97,96,1.72
28,Perevolotskiy,RU,2022-02-02 16:22:45,51.8763,54.1938,28.85,95,100,8.93
29,Carnarvon,AU,2022-02-02 16:18:29,-24.8667,113.6333,78.87,78,81,2.3
30,Vaini,TO,2022-02-02 16:22:46,-21.2,-175.2,75.36,94,20,2.3
31,Ponta Do Sol,PT,2022-02-02 16:22:46,32.6667,-17.1,69.01,75,100,4.76
32,Arica,CL,2022-02-02 16:22:47,-18.475,-70.3042,81.95,56,0,12.66
33,Mount Isa,AU,2022-02-02 16:22:48,-20.7333,139.5,80.37,78,40,5.75
34,Lerwick,GB,2022-02-02 16:22:48,60.1545,-1.1494,44.6,80,99,10.09
35,Sinnamary,GF,2022-02-02 16:22:48,5.3833,-52.95,80.29,80,49,12.66
36,Kapaa,US,2022-02-02 16:22:49,22.0752,-159.319,67.12,75,40,8.05
37,Nelson Bay,AU,2022-02-02 16:22:49,-32.7167,152.15,69.85,90,100,1.99
38,Esperance,AU,2022-02-02 16:22:50,-33.8667,121.9,61.36,70,0,15.75
39,Ushuaia,AR,2022-02-02 16:21:32,-54.8,-68.3,47.82,65,75,25.32
40,North Bend,US,2022-02-02 16:22:50,43.4065,-124.2243,42.71,97,100,6.91
41,Bunia,CD,2022-02-02 16:22:51,1.5667,30.25,78.15,37,76,2.1
42,Victoria,HK,2022-02-02 16:18:14,22.2855,114.1577,60.94,93,100,8.99
43,Manzhouli,CN,2022-02-02 16:22:51,49.6,117.4333,-14.8,96,35,6.29
44,Rikitea,PF,2022-02-02 16:22:51,-23.1203,-134.9692,77.41,74,47,7.07
45,Tuktoyaktuk,CA,2022-02-02 16:22:52,69.4541,-133.0374,-27.4,75,40,11.5
46,Buala,SB,2022-02-02 16:22:53,-8.145,159.5921,79.16,86,100,6.91
47,Nikolskoye,RU,2022-02-02 16:22:53,59.7035,30.7861,22.89,99,98,1.28
48,Saskylakh,RU,2022-02-02 16:23:54,71.9167,114.0833,-28.7,100,35,2.75
49,Dikson,RU,2022-02-02 16:23:54,73.5069,80.5464,-6.09,98,98,12.59
50,Cherskiy,RU,2022-02-02 16:23:55,68.75,161.3,-7.38,65,44,3.8
51,Bubaque,GW,2022-02-02 16:23:55,11.2833,-15.8333,78.55,80,76,13.76
52,Amahai,ID,2022-02-02 16:23:56,-3.3333,128.9167,78.08,84,100,4.54
53,Verkhnyaya Inta,RU,2022-02-02 16:23:56,65.9811,60.3094,12.96,93,100,2.59
54,Vila Velha,BR,2022-02-02 16:23:37,-20.3297,-40.2925,82.35,79,75,8.05
55,Paamiut,GL,2022-02-02 16:23:57,61.994,-49.6678,2.84,75,12,9.15
56,Nurota,UZ,2022-02-02 16:23:57,40.5614,65.6886,37.49,65,0,0.98
57,Vostok,RU,2022-02-02 16:23:58,46.4856,135.8833,-4.79,99,100,3.69
58,Bayshore Gardens,US,2022-02-02 16:23:58,27.4253,-82.5904,77.16,53,0,24.16
59,Camopi,GF,2022-02-02 16:23:59,3.1655,-52.3158,78.89,92,84,4.5
60,Hilo,US,2022-02-02 16:20:00,19.7297,-155.09,66.61,82,100,9.22
61,Salalah,OM,2022-02-02 16:23:59,17.0151,54.0924,77.09,53,0,2.3
62,Kaitangata,NZ,2022-02-02 16:24:00,-46.2817,169.8464,61.18,99,100,7.14
63,Bethel,US,2022-02-02 16:24:00,41.3712,-73.414,43.09,82,75,5.75
64,Geraldton,AU,2022-02-02 16:24:01,-28.7667,114.6,91.81,18,66,19.57
65,Tasiilaq,GL,2022-02-02 16:24:01,65.6145,-37.6368,15.96,79,100,7.96
66,Khatanga,RU,2022-02-02 16:24:02,71.9667,102.5,-38.74,99,54,1.77
67,Sao Filipe,CV,2022-02-02 16:24:02,14.8961,-24.4956,75.07,69,0,15.9
68,Kita,ML,2022-02-02 16:24:03,13.0349,-9.4895,94.41,5,0,9.69
69,Faanui,PF,2022-02-02 16:24:03,-16.4833,-151.75,81.03,74,22,19.19
70,Hobart,AU,2022-02-02 16:22:32,-42.8794,147.3294,54.05,74,40,1.01
71,Guanajuato,MX,2022-02-02 16:21:14,21.0186,-101.2591,64.33,38,0,7.18
72,Butaritari,KI,2022-02-02 16:24:04,3.0707,172.7902,80.91,82,91,17.36
73,Pontal Do Parana,BR,2022-02-02 16:24:05,-25.6533,-48.5128,96.73,64,17,8.55
74,Puerto Ayora,EC,2022-02-02 16:24:05,-0.7393,-90.3518,82.36,89,49,8.01
75,Brigantine,US,2022-02-02 16:24:06,39.4101,-74.3646,50.02,84,40,0.0
76,Hermanus,ZA,2022-02-02 16:24:06,-34.4187,19.2345,68.9,73,16,23.29
77,Phan Thiet,VN,2022-02-02 16:24:07,10.9333,108.1,73.63,88,73,9.08
78,Bengkulu,ID,2022-02-02 16:24:07,-3.8004,102.2655,76.78,85,94,5.26
79,Padang,ID,2022-02-02 16:24:08,-0.9492,100.3543,79.34,85,99,3.83
80,San Luis,AR,2022-02-02 16:24:09,-33.295,-66.3356,80.65,38,99,14.03
81,Sorland,NO,2022-02-02 16:24:09,67.667,12.6934,30.06,56,100,15.57
82,Ambon,ID,2022-02-02 16:24:10,-3.6954,128.1814,78.94,89,20,2.3
83,Jamestown,US,2022-02-02 16:21:30,42.097,-79.2353,40.59,33,0,11.5
84,Ambilobe,MG,2022-02-02 16:24:11,-13.2,49.05,75.04,92,100,2.04
85,Develi,TR,2022-02-02 16:24:11,38.3906,35.4922,40.35,90,97,12.73
86,Xuanwu,CN,2022-02-02 16:24:11,32.069,118.8138,34.81,97,100,5.21
87,Maltahohe,NA,2022-02-02 16:24:12,-24.8333,16.9833,84.72,24,12,17.83
88,Bluff,NZ,2022-02-02 16:24:13,-46.6,168.3333,56.8,84,100,18.32
89,Krasnoselkup,RU,2022-02-02 16:24:13,65.7,82.4667,-22.04,100,100,5.59
90,Maues,BR,2022-02-02 16:24:13,-3.3836,-57.7186,81.12,87,81,5.41
91,Tay Ninh,VN,2022-02-02 16:23:07,11.3,106.1,77.68,73,5,6.31
92,Tiksi,RU,2022-02-02 16:24:14,71.6872,128.8694,-7.19,100,100,6.13
93,Manutuke,NZ,2022-02-02 16:24:14,-38.6833,177.9167,63.99,88,91,5.79
94,Avera,US,2022-02-02 16:25:15,33.194,-82.5271,58.51,76,100,8.32
95,Salym,RU,2022-02-02 16:25:15,60.0625,71.4789,22.39,89,100,11.34
96,Ukiah,US,2022-02-02 16:25:16,39.1502,-123.2078,51.57,79,0,3.71
97,Alice Springs,AU,2022-02-02 16:21:10,-23.7,133.8833,65.75,94,100,8.05
98,Yumen,CN,2022-02-02 16:25:16,40.2833,97.2,22.26,29,100,2.35
99,Nanortalik,GL,2022-02-02 16:25:17,60.1432,-45.2371,5.83,79,6,16.37
100,Saint George,US,2022-02-02 16:25:18,37.1041,-113.5841,37.87,33,40,3.0
101,Mar Del Plata,AR,2022-02-02 16:21:05,-38.0023,-57.5575,86.02,50,0,11.99
102,Puerto Baquerizo Moreno,EC,2022-02-02 16:22:42,-0.9,-89.6,81.59,74,20,11.5
103,Saint-Philippe,RE,2022-02-02 16:25:18,-21.3585,55.7679,80.19,93,100,30.31
104,Thompson,CA,2022-02-02 16:25:19,55.7435,-97.8558,-25.44,68,0,14.97
105,Sitka,US,2022-02-02 16:25:20,57.0531,-135.33,33.69,93,100,3.44
106,Kulhudhuffushi,MV,2022-02-02 16:25:20,6.6221,73.07,81.7,75,5,8.63
107,Kurumkan,RU,2022-02-02 16:25:20,54.3,110.3,-17.46,93,67,4.16
108,Half Moon Bay,US,2022-02-02 16:25:21,37.4636,-122.4286,56.82,38,0,4.0
109,Ilhabela,BR,2022-02-02 16:24:00,-23.7781,-45.3581,79.2,82,96,4.56
110,Korla,CN,2022-02-02 16:25:21,41.7597,86.1469,24.94,55,8,5.86
111,Chokurdakh,RU,2022-02-02 16:25:22,70.6333,147.9167,-15.92,99,77,7.38
112,Broken Hill,AU,2022-02-02 16:25:22,-31.95,141.4333,62.31,45,0,16.11
113,Chuy,UY,2022-02-02 16:25:23,-33.6971,-53.4616,83.61,45,0,9.13
114,Ocampo,MX,2022-02-02 16:25:23,21.65,-101.5,59.43,23,0,13.87
115,Bredasdorp,ZA,2022-02-02 16:25:24,-34.5322,20.0403,79.92,54,28,12.66
116,Upernavik,GL,2022-02-02 16:25:24,72.7868,-56.1549,-6.66,66,100,6.76
117,Saldanha,ZA,2022-02-02 16:25:25,-33.0117,17.9442,68.05,83,100,11.25
118,Cidreira,BR,2022-02-02 16:25:25,-30.1811,-50.2056,79.77,71,2,13.49
119,Korfez,TR,2022-02-02 16:25:26,40.7767,29.7297,56.1,49,100,13.4
120,Baykit,RU,2022-02-02 16:25:26,61.67,96.37,-4.34,100,100,0.87
121,Munster,DE,2022-02-02 16:22:34,51.9624,7.6257,48.04,67,0,5.75
122,Ormara,PK,2022-02-02 16:25:27,25.2088,64.6357,73.54,34,0,24.56
123,Samarai,PG,2022-02-02 16:25:28,-10.6167,150.6667,79.77,83,100,10.25
124,Tsovazard,AM,2022-02-02 16:25:28,40.4709,45.0588,24.85,82,75,7.96
125,Rawson,AR,2022-02-02 16:25:29,-43.3002,-65.1023,76.93,29,99,15.01
126,Pizarro,CO,2022-02-02 16:25:29,4.9533,-77.366,81.72,72,23,1.05
127,Te Anau,NZ,2022-02-02 16:25:30,-45.4167,167.7167,60.98,97,100,2.73
128,Ixtapa,MX,2022-02-02 16:22:45,20.7,-105.2,76.46,30,0,2.68
129,Liuhe,CN,2022-02-02 16:25:30,42.2401,125.7172,0.07,90,10,5.01
130,Knysna,ZA,2022-02-02 16:25:31,-34.0363,23.0471,70.18,97,100,6.55
131,Batagay,RU,2022-02-02 16:25:31,67.6333,134.6333,-29.96,99,95,3.74
132,Lorengau,PG,2022-02-02 16:25:32,-2.0226,147.2712,78.08,83,100,5.37
133,Arraial Do Cabo,BR,2022-02-02 16:25:33,-22.9661,-42.0278,84.16,74,40,12.66
134,Manaure,CO,2022-02-02 16:25:33,11.7751,-72.4445,86.11,52,19,21.39
135,Nicosia,CY,2022-02-02 16:25:34,35.1667,33.3667,60.33,82,75,6.91
136,Bonavista,CA,2022-02-02 16:25:35,48.6499,-53.1147,28.11,75,69,5.7
137,Cayenne,GF,2022-02-02 16:26:35,4.9333,-52.3333,83.08,80,100,5.01
138,Roma,US,2022-02-02 16:26:35,43.2128,-75.4557,41.72,67,0,11.5
139,Mayskiy,RU,2022-02-02 16:26:36,47.6931,40.1025,40.41,100,100,6.82
140,Los Negros,BO,2022-02-02 16:26:36,-17.7333,-63.4333,91.53,47,38,8.84
141,Nikolayevka,RU,2022-02-02 16:26:37,53.1257,47.2041,33.19,98,100,12.86
142,Asyut,EG,2022-02-02 16:26:37,27.181,31.1837,63.81,26,75,6.31
143,Marawi,PH,2022-02-02 16:26:38,7.9986,124.2928,67.64,93,100,0.81
144,Longyearbyen,SJ,2022-02-02 16:23:52,78.2186,15.6401,19.24,68,20,14.97
145,Muros,ES,2022-02-02 16:26:38,42.7762,-9.0603,68.5,55,9,6.26
146,Tessalit,ML,2022-02-02 16:26:39,20.1986,1.0114,76.01,8,0,16.33
147,Smithers,CA,2022-02-02 16:26:39,54.7804,-127.1743,8.92,85,100,10.36
148,Busselton,AU,2022-02-02 16:26:40,-33.65,115.3333,70.05,49,99,20.94
149,Giyon,ET,2022-02-02 16:26:40,8.5333,37.9833,69.24,36,95,13.65
150,Port Augusta,AU,2022-02-02 16:26:41,-32.5,137.7667,64.54,52,0,17.92
151,Sunbury,AU,2022-02-02 16:26:41,-37.5833,144.7333,59.61,84,75,3.0
152,Namibe,AO,2022-02-02 16:26:42,-15.1961,12.1522,76.78,61,96,14.61
153,Bollnas,SE,2022-02-02 16:26:42,61.3482,16.3946,18.39,98,98,0.96
154,Valdepenas,ES,2022-02-02 16:26:43,38.7621,-3.3848,66.85,34,0,1.12
155,Katsuura,JP,2022-02-02 16:26:44,35.1333,140.3,42.91,56,69,5.32
156,Port Macquarie,AU,2022-02-02 16:26:44,-31.4333,152.9167,71.49,94,75,6.91
157,Puerto Del Rosario,ES,2022-02-02 16:26:14,28.5004,-13.8627,74.95,46,0,8.05
158,Magadi,IN,2022-02-02 16:26:45,12.9667,77.2333,73.56,44,7,4.79
159,San Antonio,US,2022-02-02 16:24:00,29.4241,-98.4936,62.11,94,100,5.75
160,Remanso,BR,2022-02-02 16:26:45,-9.6179,-42.0831,86.32,47,42,7.34
161,Avarua,CK,2022-02-02 16:26:46,-21.2078,-159.775,77.05,94,40,11.5
162,Umm Kaddadah,SD,2022-02-02 16:26:46,13.6017,26.6876,77.79,16,11,2.17
163,Rocha,UY,2022-02-02 16:26:47,-34.4833,-54.3333,86.11,33,1,7.43
164,Narsaq,GL,2022-02-02 16:26:47,60.9167,-46.05,5.22,65,0,5.73
165,Mwingi,KE,2022-02-02 16:26:48,-0.9344,38.0601,77.04,49,100,8.32
166,Lensk,RU,2022-02-02 16:26:48,60.7253,114.9278,-12.98,100,98,4.05
167,Kiunga,PG,2022-02-02 16:26:49,-6.1219,141.2906,71.96,92,100,0.11
168,East London,ZA,2022-02-02 16:26:49,-33.0153,27.9116,85.14,74,0,5.75
169,Port Lincoln,AU,2022-02-02 16:26:49,-34.7333,135.8667,63.21,66,84,11.05
170,Minab,IR,2022-02-02 16:26:50,27.1467,57.0801,73.72,23,0,16.11
171,Sri Aman,MY,2022-02-02 16:26:50,1.2376,111.4621,75.25,94,32,0.0
172,Enkoping,SE,2022-02-02 16:26:51,59.6361,17.0777,23.02,75,28,1.9
173,Hithadhoo,MV,2022-02-02 16:26:51,-0.6,73.0833,82.6,70,44,8.55
174,Wadena,US,2022-02-02 16:26:51,46.4425,-95.1361,-5.91,64,0,6.91
175,Pathein,MM,2022-02-02 16:26:52,16.7833,94.7333,64.94,77,1,7.47
176,Cabo San Lucas,MX,2022-02-02 16:26:52,22.8909,-109.9124,74.52,39,8,9.19
177,Mahebourg,MU,2022-02-02 16:26:53,-20.4081,57.7,80.89,89,75,34.52
178,Hailun,CN,2022-02-02 16:26:53,47.45,126.9333,-18.06,100,50,3.94
179,Northam,GB,2022-02-02 16:26:53,51.0333,-4.2167,52.34,90,79,9.19
180,Manthani,IN,2022-02-02 16:22:14,18.65,79.6667,74.21,31,14,3.89
181,Port Elizabeth,ZA,2022-02-02 16:26:54,-33.918,25.5701,71.89,94,40,23.02
182,Cardston,CA,2022-02-02 16:27:54,49.2,-113.3019,-12.71,69,36,2.3
183,Varhaug,NO,2022-02-02 16:27:55,58.6147,5.6457,38.89,81,98,11.83
184,Tupelo,US,2022-02-02 16:27:55,34.2576,-88.7034,53.89,87,100,8.99
185,Clayton,US,2022-02-02 16:27:56,33.5335,-84.3666,51.89,66,100,1.01
186,Farah,AF,2022-02-02 16:27:56,32.5,62.5,44.06,40,0,17.72
187,Laem Sing,TH,2022-02-02 16:27:57,12.4816,102.0738,78.53,78,5,2.35
188,Buraydah,SA,2022-02-02 16:27:47,26.326,43.975,59.45,27,0,8.21
189,Benjamin Hill,MX,2022-02-02 16:27:57,30.1667,-111.1,57.16,49,84,7.02
190,Bjornevatn,NO,2022-02-02 16:27:58,69.6672,29.9847,-1.86,84,100,5.75
191,Pachino,IT,2022-02-02 16:27:58,36.7186,15.0907,59.04,64,37,17.98
192,Iqaluit,CA,2022-02-02 16:27:59,63.7506,-68.5145,6.53,77,100,15.99
193,Landerneau,FR,2022-02-02 16:27:59,48.4525,-4.2525,51.03,84,100,5.75
194,San Cristobal,VE,2022-02-02 16:25:39,7.7669,-72.225,78.98,30,2,9.86
195,Hambantota,LK,2022-02-02 16:28:00,6.1241,81.1185,75.65,77,2,11.5
196,Qinhuangdao,CN,2022-02-02 16:28:00,39.9317,119.5883,19.24,67,1,4.34
197,Kholtoson,RU,2022-02-02 16:28:01,50.2981,103.3097,-2.85,95,100,3.85
198,Sarh,TD,2022-02-02 16:28:01,9.1429,18.3923,93.11,11,0,9.22
199,Barrow,US,2022-02-02 16:23:16,71.2906,-156.7887,-20.18,69,0,5.75
200,Iskateley,RU,2022-02-02 16:28:02,67.6803,53.1512,8.35,96,100,8.59
201,Grand Forks,US,2022-02-02 16:23:21,47.9417,-97.4337,-9.47,67,0,10.36
202,Manggar,ID,2022-02-02 16:28:02,-2.8833,108.2667,79.07,80,83,6.38
203,Abha,SA,2022-02-02 16:28:03,18.2164,42.5053,62.42,82,0,6.91
204,Alexandria,EG,2022-02-02 16:27:45,31.2156,29.9553,60.01,48,100,8.5
205,Mangai,CD,2022-02-02 16:28:04,-4.05,19.5333,75.76,91,95,2.15
206,Flin Flon,CA,2022-02-02 16:28:04,54.7682,-101.865,-22.16,57,0,9.22
207,Severo-Kurilsk,RU,2022-02-02 16:28:05,50.6789,156.125,27.88,87,97,8.32
208,Dalbandin,PK,2022-02-02 16:28:05,28.8947,64.4101,52.48,34,0,16.6
209,Urdoma,RU,2022-02-02 16:28:05,61.7533,48.5442,25.59,96,100,6.91
210,Soyo,AO,2022-02-02 16:28:06,-6.1349,12.3689,82.45,69,27,11.61
211,Codrington,AU,2022-02-02 16:27:51,-38.2667,141.9667,58.86,64,99,13.76
212,Talnakh,RU,2022-02-02 16:28:06,69.4865,88.3972,-0.83,98,95,6.26
213,Howick,ZA,2022-02-02 16:28:07,-29.4779,30.2306,73.02,73,19,4.92
214,Westport,US,2022-02-02 16:26:51,41.1415,-73.3579,44.8,81,100,1.01
215,Gao,ML,2022-02-02 16:28:07,16.6362,1.637,82.58,8,3,11.32
216,Kodiak,US,2022-02-02 16:28:08,57.79,-152.4072,36.91,87,100,4.61
217,Chapais,CA,2022-02-02 16:28:08,49.7834,-74.8492,26.38,85,100,11.36
218,Souillac,MU,2022-02-02 16:28:09,-20.5167,57.5167,80.98,89,75,34.52
219,Taguatinga,BR,2022-02-02 16:28:10,-12.3857,-46.5711,86.65,58,57,2.95
220,New Norfolk,AU,2022-02-02 16:28:10,-42.7826,147.0587,53.71,63,60,3.4
221,Ilulissat,GL,2022-02-02 16:28:11,69.2167,-51.1,5.02,78,100,20.71
222,Sarkand,KZ,2022-02-02 16:28:11,45.41,79.9186,15.49,66,89,7.38
223,Mendeleyevo,RU,2022-02-02 16:28:12,56.0333,37.2167,26.47,74,75,6.71
224,Lagoa,PT,2022-02-02 16:28:12,39.05,-27.9833,58.46,72,1,12.86
225,Barranca,PE,2022-02-02 16:28:13,-10.75,-77.7667,74.98,69,4,12.08
226,Jalu,LY,2022-02-02 16:29:13,29.0331,21.5482,58.59,39,54,14.5
227,Ruteng,ID,2022-02-02 16:29:14,-8.6136,120.4721,62.83,93,98,2.3
228,Channel-Port Aux Basques,CA,2022-02-02 16:29:15,47.5702,-59.1367,23.92,71,100,10.87
229,Castro,BR,2022-02-02 16:29:15,-24.7911,-50.0119,76.68,66,77,4.36
230,Marsh Harbour,BS,2022-02-02 16:25:42,26.5412,-77.0636,71.96,54,35,17.52
231,Pangai,TO,2022-02-02 16:29:16,-19.8,-174.35,80.82,70,13,7.63
232,Touba,CI,2022-02-02 16:29:16,8.2833,-7.6833,92.98,9,6,5.37
233,Mayumba,GA,2022-02-02 16:29:17,-3.432,10.6554,80.94,78,52,7.56
234,Iranshahr,IR,2022-02-02 16:29:17,27.2025,60.6848,62.94,25,0,16.11
235,Srednekolymsk,RU,2022-02-02 16:29:18,67.45,153.6833,-18.17,95,89,6.08
236,Juneau,US,2022-02-02 16:29:18,58.3019,-134.4197,26.83,93,100,0.0
237,Suntar,RU,2022-02-02 16:29:18,62.1444,117.6319,-24.09,98,38,3.78
238,Ugoofaaru,MV,2022-02-02 16:29:19,5.6667,73.0,82.54,69,4,10.2
239,San Lorenzo,PY,2022-02-02 16:29:19,-25.3333,-57.5333,99.59,29,40,13.0
240,Saint-Augustin,CA,2022-02-02 16:29:20,51.226,-58.6502,10.65,90,98,6.91
241,Bambous Virieux,MU,2022-02-02 16:27:54,-20.3428,57.7575,80.85,89,75,34.52
242,Kropotkin,RU,2022-02-02 16:29:21,45.4375,40.5756,37.89,90,100,6.04
243,Thinadhoo,MV,2022-02-02 16:29:21,0.5333,72.9333,83.1,70,2,6.46
244,Palmer,US,2022-02-02 16:24:59,42.1584,-72.3287,41.68,74,100,3.44
245,Lompoc,US,2022-02-02 16:29:22,34.6391,-120.4579,55.56,44,0,4.61
246,Parintins,BR,2022-02-02 16:29:22,-2.6283,-56.7358,82.51,82,84,5.48
247,Male,MV,2022-02-02 16:28:03,4.1748,73.5089,84.15,79,75,12.66
248,Katherine,AU,2022-02-02 16:29:23,-14.4667,132.2667,77.32,94,100,4.61
249,General Roca,AR,2022-02-02 16:29:23,-39.0333,-67.5833,92.62,19,0,8.43
250,Belmonte,BR,2022-02-02 16:29:24,-15.8631,-38.8828,86.5,63,82,10.04
251,Pisco,PE,2022-02-02 16:24:56,-13.7,-76.2167,73.45,64,0,9.22
252,Ahipara,NZ,2022-02-02 16:29:25,-35.1667,173.1667,66.85,91,100,10.45
253,Los Llanos De Aridane,ES,2022-02-02 16:29:25,28.6585,-17.9182,67.75,92,0,12.66
254,Kavieng,PG,2022-02-02 16:29:26,-2.5744,150.7967,79.52,82,100,11.99
255,Shenxian,CN,2022-02-02 16:29:26,36.2411,115.6672,33.91,38,43,4.92
256,Airai,TL,2022-02-02 16:29:27,-8.9266,125.4092,60.78,88,78,2.15
257,Samana,DO,2022-02-02 16:29:27,19.2056,-69.3369,82.36,83,40,4.61
258,Nuevitas,CU,2022-02-02 16:29:28,21.5453,-77.2644,83.64,67,21,13.11
259,Turukhansk,RU,2022-02-02 16:29:28,65.8167,87.9833,5.61,92,99,8.66
260,Fortuna,US,2022-02-02 16:29:29,40.5982,-124.1573,41.92,80,0,1.01
261,Vanimo,PG,2022-02-02 16:29:29,-2.6741,141.3028,77.2,85,99,1.39
262,Ribas Do Rio Pardo,BR,2022-02-02 16:29:30,-20.4431,-53.7592,81.54,69,97,11.45
263,Coihaique,CL,2022-02-02 16:27:12,-45.5752,-72.0662,64.35,48,40,8.05
264,Banjarmasin,ID,2022-02-02 16:29:31,-3.3244,114.591,78.94,87,84,3.15
265,Cravo Norte,CO,2022-02-02 16:29:31,6.3017,-70.2041,94.37,34,45,11.3
266,Zakamensk,RU,2022-02-02 16:29:32,50.3741,103.2863,-2.94,96,100,3.6
267,Makokou,GA,2022-02-02 16:29:32,0.5738,12.8642,83.86,53,87,4.68
268,Rio Grande,BR,2022-02-02 16:29:33,-32.035,-52.0986,86.11,62,1,11.79
269,Dakar,SN,2022-02-02 16:29:33,14.6937,-17.4441,99.48,55,99,10.6
270,Novovarshavka,RU,2022-02-02 16:29:34,54.1721,74.6946,-0.17,99,83,6.15
271,Bagan,RU,2022-02-02 16:29:35,54.1001,77.6646,-2.88,100,88,3.91
272,Dharchula,IN,2022-02-02 16:29:35,29.85,80.5333,48.7,75,96,1.57
273,Matay,EG,2022-02-02 16:30:36,28.419,30.7792,59.72,30,26,5.97
274,Viedma,AR,2022-02-02 16:30:29,-40.8135,-62.9967,86.23,31,95,17.38
275,Plettenberg Bay,ZA,2022-02-02 16:30:36,-34.0527,23.3716,70.29,96,100,8.66
276,Temir,KZ,2022-02-02 16:30:37,49.1414,57.13,17.82,92,99,8.5
277,Hobyo,SO,2022-02-02 16:30:37,5.3505,48.5268,77.74,77,14,17.52
278,Mareeba,AU,2022-02-02 16:30:38,-17.0,145.4333,77.49,96,99,3.4
279,Katangli,RU,2022-02-02 16:30:38,51.7102,143.2326,2.82,88,100,19.04
280,Jiaocheng,CN,2022-02-02 16:30:39,24.6774,116.1389,46.8,96,99,3.78
281,Atar,MR,2022-02-02 16:30:39,20.5169,-13.0499,89.29,12,81,19.39
282,Waingapu,ID,2022-02-02 16:30:40,-9.6567,120.2641,78.53,84,39,8.66
283,Salisbury,GB,2022-02-02 16:30:41,51.0693,-1.7957,54.43,73,40,10.36
284,Pontian Kecil,MY,2022-02-02 16:30:41,1.4801,103.3899,80.73,88,54,6.49
285,Rincon,US,2022-02-02 16:30:41,32.296,-81.2354,63.91,71,75,1.01
286,Olafsvik,IS,2022-02-02 16:30:42,64.8945,-23.7142,31.78,56,64,12.19
287,Tingi,TZ,2022-02-02 16:30:42,-11.3,35.0333,65.95,94,79,4.07
288,Young,UY,2022-02-02 16:30:43,-32.6833,-57.6333,95.23,29,7,5.19
289,Kocevje,SI,2022-02-02 16:30:43,45.6433,14.8633,44.49,93,11,1.57
290,Nago,JP,2022-02-02 16:30:44,26.5881,127.9761,68.07,88,100,8.79
291,Watrous,CA,2022-02-02 16:30:44,51.6668,-105.4679,-25.82,68,52,6.91
292,Hunchun,CN,2022-02-02 16:30:45,42.8675,130.3581,9.84,68,10,10.69
293,Mitsamiouli,KM,2022-02-02 16:30:45,-11.3847,43.2844,80.89,83,75,0.0
294,San Quintin,MX,2022-02-02 16:30:46,30.4833,-115.95,59.22,57,49,4.41
295,Beloha,MG,2022-02-02 16:30:46,-25.1667,45.05,74.57,71,0,21.21
296,Madang,PG,2022-02-02 16:30:47,-5.2246,145.7966,74.59,89,100,4.21
297,Clyde River,CA,2022-02-02 16:27:54,70.4692,-68.5914,-23.57,76,100,4.61
298,Presidencia Roque Saenz Pena,AR,2022-02-02 16:30:47,-26.7852,-60.4388,107.49,15,3,10.07
299,Zima,RU,2022-02-02 16:30:48,53.9202,102.0442,-14.87,100,82,2.01
300,Boende,CD,2022-02-02 16:30:48,-0.2167,20.8667,82.09,36,94,3.42
301,Pafos,CY,2022-02-02 16:30:49,34.7667,32.4167,58.78,58,20,6.91
302,Mina,MX,2022-02-02 16:30:49,26.0011,-100.5299,60.96,47,5,0.43
303,Harper,LR,2022-02-02 16:30:49,4.375,-7.7169,82.99,69,74,11.1
304,Tazovskiy,RU,2022-02-02 16:30:50,67.4667,78.7,-17.21,100,61,7.4
305,Petropavlovsk-Kamchatskiy,RU,2022-02-02 16:30:51,53.0452,158.6483,25.39,100,75,4.47
306,Ola,RU,2022-02-02 16:30:51,59.5833,151.2833,7.2,81,97,11.21
307,Mingshui,CN,2022-02-02 16:30:52,36.7167,117.5,31.01,36,13,3.38
308,Jijiga,ET,2022-02-02 16:30:53,9.35,42.8,63.91,62,100,16.71
309,Zastron,ZA,2022-02-02 16:30:53,-30.3023,27.084,76.44,39,62,10.36
310,Gornyye Klyuchi,RU,2022-02-02 16:30:54,45.25,133.5,1.99,98,100,3.15
311,Piacabucu,BR,2022-02-02 16:30:54,-10.4056,-36.4344,86.72,58,12,13.18
312,Berlevag,NO,2022-02-02 16:27:50,70.8578,29.0864,22.95,86,75,8.05
313,Nouadhibou,MR,2022-02-02 16:30:54,20.931,-17.0347,82.38,34,3,17.27
314,Bell Ville,AR,2022-02-02 16:30:55,-32.6259,-62.6887,101.14,20,95,14.99
315,Acapulco,MX,2022-02-02 16:30:55,16.8634,-99.8901,80.42,65,75,2.3
316,Cusuna,HN,2022-02-02 16:30:56,15.85,-85.2333,84.54,47,4,7.78
317,Hirara,JP,2022-02-02 16:30:56,24.8,125.2833,71.1,76,97,15.03
318,Laranjeiras Do Sul,BR,2022-02-02 16:30:57,-25.4078,-52.4161,85.19,44,6,4.0
319,Nemuro,JP,2022-02-02 16:30:57,43.3236,145.575,21.78,78,20,10.38
320,Ribeira Grande,PT,2022-02-02 16:31:57,38.5167,-28.7,63.0,67,40,14.97
321,Champerico,GT,2022-02-02 16:31:58,14.3,-91.9167,86.76,60,0,6.93
322,Bitung,ID,2022-02-02 16:31:59,1.4451,125.1824,74.25,84,100,8.61
323,Dukat,RU,2022-02-02 16:31:59,62.55,155.55,-11.31,99,100,5.17
324,Namatanai,PG,2022-02-02 16:31:59,-3.6667,152.4333,77.77,83,100,4.43
325,Taoudenni,ML,2022-02-02 16:32:00,22.6783,-3.9836,77.65,11,1,17.29
326,Chara,RU,2022-02-02 16:32:00,56.9064,118.2631,-23.22,84,42,1.21
327,Vandalur,IN,2022-02-02 16:32:01,12.8928,80.0808,78.76,73,20,4.61
328,Tuatapere,NZ,2022-02-02 16:32:01,-46.1333,167.6833,56.82,95,100,6.93
329,Ajdabiya,LY,2022-02-02 16:32:01,30.7554,20.2263,54.61,71,94,17.38
330,Moree,AU,2022-02-02 16:32:02,-29.4667,149.85,71.62,94,100,9.22
331,Kem,RU,2022-02-02 16:32:02,64.9555,34.5793,12.09,96,99,5.93
332,Dawei,MM,2022-02-02 16:32:03,14.0833,98.2,70.25,87,5,3.96
333,Rio Tercero,AR,2022-02-02 16:32:04,-32.173,-64.1141,86.45,32,95,18.5
334,Mahabad,IR,2022-02-02 16:32:04,36.7631,45.7222,23.09,74,6,5.84
335,Santa Lucia,ES,2022-02-02 16:32:05,27.9117,-15.5407,69.94,31,0,8.05
336,Mayo,US,2022-02-02 16:32:05,38.8876,-76.5119,44.13,82,40,1.01
337,Khipro,PK,2022-02-02 16:32:06,25.8285,69.3772,72.88,27,0,13.27
338,Chipinge,ZW,2022-02-02 16:32:06,-20.1883,32.6236,68.94,85,37,4.68
339,Pokhara,NP,2022-02-02 16:32:07,28.2333,83.9833,51.53,76,95,0.34
340,Karanja,IN,2022-02-02 16:32:07,20.4833,77.4833,73.83,27,27,2.98
341,Kralendijk,BQ,2022-02-02 16:32:08,12.15,-68.2667,85.98,66,75,20.71
342,Rusape,ZW,2022-02-02 16:32:08,-18.5278,32.1284,69.28,73,69,4.61
343,Ostrovnoy,RU,2022-02-02 16:32:09,68.0531,39.5131,20.64,86,100,15.26
344,Bundaberg,AU,2022-02-02 16:32:09,-24.85,152.35,75.49,95,100,1.01
345,Auki,SB,2022-02-02 16:32:10,-8.7676,160.7034,78.35,86,100,6.15
346,Havoysund,NO,2022-02-02 16:32:11,70.9963,24.6622,16.68,81,45,11.3
347,Varazdin,HR,2022-02-02 16:32:11,46.3044,16.3378,47.39,36,37,12.24
348,Comodoro Rivadavia,AR,2022-02-02 16:32:11,-45.8667,-67.5,76.86,27,0,10.36
349,Gwembe,ZM,2022-02-02 16:32:12,-16.4975,27.6069,67.78,92,21,2.66
350,Oudtshoorn,ZA,2022-02-02 16:31:15,-33.5907,22.2014,66.56,80,100,9.15
351,Verkhoyansk,RU,2022-02-02 16:32:13,67.5447,133.385,-30.32,100,95,2.42
352,Banda Aceh,ID,2022-02-02 16:32:13,5.5577,95.3222,78.19,84,49,7.56
353,Mecca,SA,2022-02-02 16:27:51,21.4267,39.8261,74.61,54,0,9.01
354,Kattivakkam,IN,2022-02-02 16:32:14,13.2167,80.3167,79.07,73,8,8.19
355,Korhogo,CI,2022-02-02 16:32:15,9.45,-5.6333,92.17,6,2,6.4
356,Darhan,MN,2022-02-02 16:32:15,49.4867,105.9228,-5.46,93,92,4.99
357,Jumla,NP,2022-02-02 16:32:16,29.2747,82.1838,38.12,93,93,2.06
358,Solwezi,ZM,2022-02-02 16:32:16,-12.1688,26.3894,64.71,95,98,1.66
359,Pyay,MM,2022-02-02 16:32:17,18.8167,95.2167,65.48,67,4,1.3
360,Peniche,PT,2022-02-02 16:32:17,39.3558,-9.3811,66.15,60,32,7.14
361,Dwarka,IN,2022-02-02 16:32:18,22.2394,68.9678,73.45,78,1,13.42
362,Kruisfontein,ZA,2022-02-02 16:31:38,-34.0033,24.7314,72.84,91,100,5.23
363,Kenai,US,2022-02-02 16:32:19,60.5544,-151.2583,15.85,97,100,3.44
364,Lazarev,RU,2022-02-02 16:32:19,52.225,141.5131,0.14,79,100,8.81
365,Lasa,IT,2022-02-02 16:32:20,46.6166,10.7002,40.91,95,100,8.14
366,Pevek,RU,2022-02-02 16:31:01,69.7008,170.3133,-9.06,79,10,3.4
367,Payo,ID,2022-02-02 16:33:20,-3.7508,103.6372,73.51,97,98,2.13
368,Kamina,CD,2022-02-02 16:33:21,-8.7386,24.9906,66.6,93,93,1.45
369,Husavik,IS,2022-02-02 16:33:21,66.0449,-17.3389,28.31,89,100,6.89
370,Inhambane,MZ,2022-02-02 16:33:22,-23.865,35.3833,84.18,70,20,9.22
371,Yulara,AU,2022-02-02 16:33:23,-25.2406,130.9889,66.04,77,75,9.22
372,Selfoss,IS,2022-02-02 16:33:23,63.9331,-20.9971,31.89,85,100,4.59
373,San Patricio,US,2022-02-02 16:33:24,28.017,-97.5169,75.07,71,82,12.75
374,Fredericksburg,US,2022-02-02 16:33:25,38.3032,-77.4605,47.01,85,40,0.0
375,Mount Hagen,PG,2022-02-02 16:33:26,-5.8581,144.2274,57.78,96,100,1.77
376,Verkhnevilyuysk,RU,2022-02-02 16:33:26,63.4453,120.3167,-21.3,98,99,5.61
377,Yerbogachen,RU,2022-02-02 16:33:26,61.2767,108.0108,-5.06,99,97,2.55
378,Torbay,CA,2022-02-02 16:31:12,47.6666,-52.7314,29.48,79,40,4.61
379,Luganville,VU,2022-02-02 16:32:44,-15.5333,167.1667,77.97,87,87,2.77
380,Lata,PT,2022-02-02 16:33:27,40.1629,-8.3327,70.48,40,5,3.83
381,Nicoya,CR,2022-02-02 16:33:28,10.1483,-85.452,85.55,33,2,3.31
382,Kautokeino,NO,2022-02-02 16:33:28,69.0125,23.0412,6.75,97,100,4.18
383,Itarema,BR,2022-02-02 16:33:29,-2.9248,-39.9167,86.67,57,93,13.33
384,Ardesen,TR,2022-02-02 16:33:29,41.1911,40.9875,53.56,62,100,11.32
385,Ayutla,MX,2022-02-02 16:33:30,20.1167,-104.3333,71.76,19,0,3.89
386,San Juan,AR,2022-02-02 16:30:45,-31.5375,-68.5364,87.8,34,42,18.95
387,Tabou,CI,2022-02-02 16:33:31,4.423,-7.3528,83.03,69,74,11.16
388,Besikduzu,TR,2022-02-02 16:33:31,41.052,39.2284,64.29,69,100,10.13
389,Porto Novo,BJ,2022-02-02 16:33:32,6.4965,2.6036,87.62,46,8,10.29
390,Gazojak,TM,2022-02-02 16:33:32,41.1875,61.4036,36.63,68,0,7.31
391,Swan River,CA,2022-02-02 16:33:33,52.1058,-101.2676,-22.11,69,27,13.8
392,Parrita,CR,2022-02-02 16:33:33,9.5201,-84.3225,90.99,57,2,6.78
393,Minna,NG,2022-02-02 16:33:33,9.6139,6.5569,91.36,10,97,3.33
394,Dingle,PH,2022-02-02 16:31:40,10.9995,122.6711,73.38,95,98,7.65
395,Kieta,PG,2022-02-02 16:33:34,-6.2167,155.6333,79.48,85,100,15.03
396,Shamkhal,RU,2022-02-02 16:33:35,43.0596,47.3373,39.18,82,41,14.94
397,Ouro Branco,BR,2022-02-02 16:33:35,-20.5208,-43.6919,68.32,89,100,2.66
398,Tianmen,CN,2022-02-02 16:33:36,30.6516,113.1603,36.0,74,61,5.32
399,Khadyzhensk,RU,2022-02-02 16:33:36,44.4256,39.5319,47.21,74,100,11.86
400,Haines Junction,CA,2022-02-02 16:33:37,60.7522,-137.5108,-4.05,84,100,2.3
401,Santiago,CL,2022-02-02 16:33:03,-33.4569,-70.6483,85.28,37,0,5.75
402,Georgetown,MY,2022-02-02 16:29:05,5.4112,100.3354,81.95,87,20,3.44
403,Behbahan,IR,2022-02-02 16:33:38,30.5959,50.2417,56.52,53,0,6.8
404,Antofagasta,CL,2022-02-02 16:33:38,-23.65,-70.4,75.22,58,2,10.67
405,Ballina,AU,2022-02-02 16:33:39,-28.8667,153.5667,75.38,96,100,8.05
406,Rapid Valley,US,2022-02-02 16:33:39,44.0625,-103.1463,4.86,73,100,5.01
407,Kraksaan,ID,2022-02-02 16:33:39,-7.7585,113.3962,77.74,86,96,2.95
408,Zhigansk,RU,2022-02-02 16:33:40,66.7697,123.3711,-12.82,98,100,1.21
409,Hamilton,US,2022-02-02 16:30:11,39.1834,-84.5333,45.59,93,100,1.01
410,Split,HR,2022-02-02 16:33:41,43.5089,16.4392,53.71,35,0,10.36
411,Dossor,KZ,2022-02-02 16:33:41,47.5272,52.9811,31.05,93,60,10.07
412,Iquitos,PE,2022-02-02 16:32:18,-3.7481,-73.2472,87.84,66,75,3.44
413,Xining,CN,2022-02-02 16:34:42,36.6167,101.7667,14.0,65,41,2.26
414,Bolshevik,BY,2022-02-02 16:34:42,54.0065,27.5692,28.02,97,100,8.08
415,Pecos,US,2022-02-02 16:34:42,31.4229,-103.4932,42.89,45,75,9.22
416,Quelimane,MZ,2022-02-02 16:34:43,-17.8786,36.8883,84.15,74,20,9.22
417,Gizo,SB,2022-02-02 16:34:43,-8.103,156.8419,81.9,79,100,14.7
418,Alindao,CF,2022-02-02 16:34:44,5.0267,21.2088,86.11,21,11,1.57
419,Salinopolis,BR,2022-02-02 16:34:44,-0.6136,-47.3561,79.99,82,87,12.93
420,Shelburne,CA,2022-02-02 16:31:26,44.0787,-80.2041,35.49,92,100,1.7
421,Slave Lake,CA,2022-02-02 16:34:45,55.2834,-114.769,-25.62,68,0,5.75
422,Villazon,BO,2022-02-02 16:34:45,-22.0866,-65.5942,59.04,48,64,6.87
423,Rovaniemi,FI,2022-02-02 16:34:46,66.5,25.7167,13.41,92,100,6.91
424,Kupang,ID,2022-02-02 16:34:11,-10.1667,123.5833,78.8,81,48,7.4
425,Capoterra,IT,2022-02-02 16:34:46,39.1763,8.9718,58.78,69,20,16.11
426,Brae,GB,2022-02-02 16:34:47,60.3964,-1.353,44.51,90,100,8.1
427,Leningradskiy,RU,2022-02-02 16:34:47,69.3833,178.4167,-12.84,96,35,10.85
428,Bandarbeyla,SO,2022-02-02 16:34:48,9.4942,50.8122,76.33,71,60,17.6
429,Marzuq,YE,2022-02-02 16:34:48,14.4,46.4667,70.23,47,52,2.51
430,Tiszakarad,HU,2022-02-02 16:34:49,48.2,21.7167,37.31,98,98,4.38
431,Vardo,NO,2022-02-02 16:34:49,70.3705,31.1107,44.8,74,75,18.41
432,Manokwari,ID,2022-02-02 16:34:50,-0.8667,134.0833,76.68,85,99,5.19
433,Snezhnogorsk,RU,2022-02-02 16:34:50,69.1933,33.2531,-2.42,97,100,0.76
434,Bang Saphan,TH,2022-02-02 16:34:51,11.2126,99.5117,75.45,86,5,0.47
435,Betma,IN,2022-02-02 16:34:51,22.6833,75.6167,66.42,48,0,0.0
436,Chioggia,IT,2022-02-02 16:34:51,45.2256,12.2889,53.49,69,0,2.28
437,Stornoway,GB,2022-02-02 16:34:52,58.2093,-6.3865,48.16,94,75,5.01
438,Gobabis,NA,2022-02-02 16:34:52,-22.45,18.9667,66.54,77,99,6.58
439,Gaffney,US,2022-02-02 16:34:53,35.0718,-81.6498,48.47,59,98,2.46
440,Izvoru Crisului,RO,2022-02-02 16:34:54,46.8333,23.1,28.33,94,94,3.8
441,Fuzhou,CN,2022-02-02 16:30:09,26.0614,119.3061,48.09,95,100,1.41
442,Agropoli,IT,2022-02-02 16:34:54,40.3469,14.9966,53.87,59,0,2.64
443,Hagi,JP,2022-02-02 16:34:55,34.4,131.4167,33.85,57,57,9.1
444,Yeniseysk,RU,2022-02-02 16:34:56,58.4497,92.1703,10.8,96,99,4.27
445,Wagar,SD,2022-02-02 16:34:56,16.1525,36.2032,84.24,28,17,8.34
446,Cap-Chat,CA,2022-02-02 16:34:56,49.1001,-66.6821,26.6,74,98,11.5
447,Richards Bay,ZA,2022-02-02 16:31:32,-28.783,32.0377,79.09,77,23,15.88
448,Bejar,ES,2022-02-02 16:34:57,40.3864,-5.7634,60.94,64,1,1.88
449,Payakumbuh,ID,2022-02-02 16:34:57,-0.2202,100.6308,70.05,99,99,0.31
450,Maryborough,AU,2022-02-02 16:34:58,-25.5333,152.7,74.77,96,100,0.36
451,Berdigestyakh,RU,2022-02-02 16:34:58,62.0989,126.6992,-14.1,97,100,5.17
452,Kutum,SD,2022-02-02 16:34:58,14.2,24.6667,73.02,18,2,8.34
453,Kahului,US,2022-02-02 16:33:35,20.8947,-156.47,67.68,81,20,5.75
454,Bosaso,SO,2022-02-02 16:34:59,11.2842,49.1816,75.67,70,55,6.76
455,Denizli,TR,2022-02-02 16:31:15,37.8402,29.0698,50.85,98,100,6.62
456,Kayes,ML,2022-02-02 16:34:59,14.0,-11.0,95.25,5,3,14.03
457,Alyangula,AU,2022-02-02 16:35:00,-13.8483,136.4192,80.47,89,100,6.91
458,Mariental,NA,2022-02-02 16:35:00,-24.6333,17.9667,77.97,55,87,13.98
459,College,US,2022-02-02 16:35:01,64.8569,-147.8028,-32.85,67,0,0.0
460,Lahaina,US,2022-02-02 16:35:57,20.8783,-156.6825,67.64,74,1,5.86
461,Yerazgavors,AM,2022-02-02 16:36:02,40.7,43.75,32.38,80,20,2.3
462,Norman Wells,CA,2022-02-02 16:31:53,65.282,-126.8329,-36.36,67,75,2.3
463,Deputatskiy,RU,2022-02-02 16:36:03,69.3,139.9,-18.85,95,92,5.79
464,Le Vauclin,MQ,2022-02-02 16:36:03,14.5452,-60.8388,86.05,62,20,14.97
465,Sambava,MG,2022-02-02 16:36:03,-14.2667,50.1667,78.87,77,98,6.51
466,Ponta Delgada,PT,2022-02-02 16:36:04,37.7333,-25.6667,64.51,67,20,9.22
467,Henderson,US,2022-02-02 16:31:41,36.0397,-114.9819,44.37,23,0,18.41
468,Nagato,JP,2022-02-02 16:36:05,34.3833,131.2,42.71,56,65,9.1
469,Stare Mesto,CZ,2022-02-02 16:36:06,50.087,14.4202,42.48,70,75,14.0
470,Tabuk,PH,2022-02-02 16:36:06,17.4189,121.4443,66.96,86,14,3.85
471,Isilkul,RU,2022-02-02 16:32:16,54.9109,71.2728,16.21,88,100,8.32
472,Kungurtug,RU,2022-02-02 16:36:07,50.5994,97.5228,-14.17,96,61,1.86
473,Nyurba,RU,2022-02-02 16:36:07,63.2842,118.3319,-33.02,100,55,3.38
474,Puerto Escondido,MX,2022-02-02 16:34:39,15.85,-97.0667,82.8,53,0,6.33
475,General Pico,AR,2022-02-02 16:31:23,-35.6566,-63.7568,86.63,42,100,7.74
476,Nacala,MZ,2022-02-02 16:36:08,-14.5428,40.6728,77.67,86,32,5.39
477,Tigil,RU,2022-02-02 16:33:11,57.8,158.6667,11.43,97,94,3.56
478,Izacic,BA,2022-02-02 16:36:09,44.875,15.7819,33.55,79,21,1.39
479,Bontang,ID,2022-02-02 16:36:09,0.1333,117.5,78.66,83,96,11.45
480,Ziro,IN,2022-02-02 16:36:10,27.6333,93.8333,34.7,93,65,1.28
481,Baoning,CN,2022-02-02 16:36:11,25.3378,110.026,39.06,93,75,4.47
482,Raga,SS,2022-02-02 16:36:11,8.4596,25.678,81.99,19,46,4.36
483,Coffs Harbour,AU,2022-02-02 16:36:12,-30.3,153.1333,74.14,96,40,13.8
484,Lavrentiya,RU,2022-02-02 16:36:12,65.5833,-171.0,-1.98,77,1,17.36
485,Pacific Grove,US,2022-02-02 16:32:11,36.6177,-121.9166,55.35,40,0,1.01
486,Ekhabi,RU,2022-02-02 16:36:12,53.5102,142.9671,-0.26,92,100,25.52
487,Porto Santo,PT,2022-02-02 16:36:13,33.072,-16.3415,66.31,88,40,10.36
488,Molina,CL,2022-02-02 16:36:13,-35.1167,-71.2833,76.73,41,0,3.44
489,La Seyne-Sur-Mer,FR,2022-02-02 16:36:14,43.0982,5.8847,67.05,48,3,7.0
490,Kuala Terengganu,MY,2022-02-02 16:36:14,5.3302,103.1408,80.55,89,40,5.75
491,Toamasina,MG,2022-02-02 16:36:15,-18.1667,49.3833,82.4,69,40,13.8
492,Daru,PG,2022-02-02 16:36:15,-9.0763,143.2092,74.32,87,100,6.31
493,Aitape,PG,2022-02-02 16:36:16,-3.1374,142.3475,77.72,82,100,2.28
494,Tres Passos,BR,2022-02-02 16:36:16,-27.4556,-53.9319,101.52,15,1,0.81
495,Saint-Pierre,RE,2022-02-02 16:36:17,-21.3393,55.4781,80.28,89,75,39.12
496,Zyryanka,RU,2022-02-02 16:36:17,65.75,150.85,-25.83,100,25,1.34
497,Teguldet,RU,2022-02-02 16:36:18,57.3064,88.1667,10.92,98,97,3.56
498,Portland,US,2022-02-02 16:33:49,45.5234,-122.6762,41.83,95,100,1.01
499,Mandalgovi,MN,2022-02-02 16:36:19,45.7625,106.2708,0.88,73,0,9.93
500,Perth,AU,2022-02-02 16:33:32,-31.9333,115.8333,83.08,29,0,19.57
501,Laguna,US,2022-02-02 16:32:36,38.421,-121.4238,54.05,48,0,8.99
502,Moengo,SR,2022-02-02 16:36:20,5.6167,-54.4,84.85,60,74,6.58
503,Morondava,MG,2022-02-02 16:37:20,-20.2833,44.2833,83.91,77,58,8.61
504,Roshchino,RU,2022-02-02 16:37:21,60.2519,29.6085,22.24,98,97,3.56
505,Ancud,CL,2022-02-02 16:37:21,-41.8697,-73.8203,73.22,71,98,6.62
506,Sao Gabriel Da Cachoeira,BR,2022-02-02 16:37:22,-0.1303,-67.0892,85.8,74,40,2.3
507,Sur,OM,2022-02-02 16:37:22,22.5667,59.5289,73.8,57,0,17.85
508,Portobelo,PA,2022-02-02 16:37:23,9.55,-79.65,90.86,59,27,7.18
509,Ketchikan,US,2022-02-02 16:36:59,55.3422,-131.6461,37.38,86,100,9.22
510,Kaeo,NZ,2022-02-02 16:37:23,-35.1,173.7833,70.32,91,100,8.16
511,El Paso,US,2022-02-02 16:33:15,31.8001,-106.2005,54.66,31,75,8.05
512,The Valley,AI,2022-02-02 16:37:24,18.217,-63.0578,85.86,74,40,13.8
513,Pochutla,MX,2022-02-02 16:37:25,15.7432,-96.4661,85.82,36,0,7.16
514,Jardim,BR,2022-02-02 16:37:25,-21.4803,-56.1381,86.7,54,100,2.86
515,Yabelo,ET,2022-02-02 16:37:25,4.8833,38.0833,69.3,34,100,9.24
516,Manado,ID,2022-02-02 16:37:26,1.487,124.8455,74.17,100,40,3.44
517,Cabedelo,BR,2022-02-02 16:37:26,-6.9811,-34.8339,88.47,63,87,12.66
518,Puro,PH,2022-02-02 16:37:27,12.4841,123.3827,76.15,89,87,10.22
519,Pemba,MZ,2022-02-02 16:37:28,-12.974,40.5178,84.9,89,20,11.5
520,Port Moresby,PG,2022-02-02 16:37:28,-9.4431,147.1797,74.91,84,100,11.7
521,Porto Nacional,BR,2022-02-02 16:37:28,-10.7081,-48.4172,87.8,55,27,1.99
522,Qandala,SO,2022-02-02 16:37:29,11.472,49.8728,75.54,69,8,6.89
523,Kontagora,NG,2022-02-02 16:37:29,10.3999,5.4695,89.47,9,100,4.52
524,Vila,PT,2022-02-02 16:37:30,42.0304,-8.1588,56.34,72,4,2.86
525,Bull Savanna,JM,2022-02-02 16:37:30,17.8868,-77.5902,80.55,58,0,11.34
526,Itapora,BR,2022-02-02 16:37:31,-22.0799,-54.7874,80.49,80,91,7.34
527,Tulu Bolo,ET,2022-02-02 16:37:32,8.6667,38.2167,63.81,47,89,11.79
528,Byron Bay,AU,2022-02-02 16:37:32,-28.65,153.6167,78.75,96,100,4.83
529,Bud,US,2022-02-02 16:37:33,39.447,-86.1758,44.69,97,100,9.15
530,Wad Rawah,SD,2022-02-02 16:37:33,15.1603,33.1397,79.61,14,33,8.34
531,Turbat,PK,2022-02-02 16:37:33,26.0023,63.044,66.58,27,0,36.24
532,Panguna,PG,2022-02-02 16:37:34,-6.3164,155.4848,68.94,95,100,1.95
533,Vila Franca Do Campo,PT,2022-02-02 16:37:35,37.7167,-25.4333,64.2,71,21,11.61
534,Aswan,EG,2022-02-02 16:37:35,24.0934,32.907,69.1,32,0,8.05
535,Stromness,GB,2022-02-02 16:37:36,58.965,-3.296,46.36,91,100,19.42
536,Sangar,RU,2022-02-02 16:33:14,63.9242,127.4739,-19.86,98,100,2.89
537,Klyuchi,RU,2022-02-02 16:37:36,52.2667,79.1667,-1.46,100,74,2.62
538,Tromso,NO,2022-02-02 16:37:36,69.6496,18.957,14.02,79,0,3.44
539,Bukama,CD,2022-02-02 16:32:51,-9.2,25.85,71.62,93,98,1.95
540,Novoagansk,RU,2022-02-02 16:37:37,61.9449,76.6625,4.84,97,83,7.78
541,Khulo,GE,2022-02-02 16:37:38,41.644,42.3129,42.73,83,97,7.02
542,Omsk,RU,2022-02-02 16:37:38,55.0,73.4,15.69,86,0,8.95
543,San Rafael Del Sur,NI,2022-02-02 16:37:39,11.8485,-86.4384,81.57,43,3,12.73
544,Gracac,HR,2022-02-02 16:37:39,44.3006,15.8547,42.55,79,4,6.31
545,Erzin,TR,2022-02-02 16:37:40,36.9559,36.2,50.52,78,100,9.71
546,Noumea,NC,2022-02-02 16:37:40,-22.2763,166.4572,71.58,85,89,8.66
547,Digha,IN,2022-02-02 16:37:41,21.6833,87.55,71.19,72,0,7.78
548,Nome,US,2022-02-02 16:34:35,64.5011,-165.4064,12.27,58,0,36.82
549,Makakilo City,US,2022-02-02 16:37:41,21.3469,-158.0858,71.92,77,0,6.91
550,Pringsewu,ID,2022-02-02 16:38:42,-5.3582,104.9744,74.17,91,99,2.13
551,Sokoto,NG,2022-02-02 16:38:42,13.0609,5.239,80.46,7,12,7.65
552,Nizhnekamsk,RU,2022-02-02 16:38:43,55.6366,51.8245,27.39,92,0,8.95
553,Keti Bandar,PK,2022-02-02 16:38:43,24.1447,67.4497,76.05,51,1,21.5
554,Thiers,FR,2022-02-02 16:38:43,45.8333,3.5,52.12,96,100,2.21
555,Roald,NO,2022-02-02 16:38:44,62.5833,6.1333,35.91,86,75,18.41
556,Swellendam,ZA,2022-02-02 16:38:44,-34.0226,20.4417,79.18,70,69,12.66
557,Aborlan,PH,2022-02-02 16:38:45,9.4352,118.5492,77.25,90,56,7.99
558,Hammerfest,NO,2022-02-02 16:38:46,70.6634,23.6821,24.53,73,0,3.44
559,Atasu,KZ,2022-02-02 16:38:46,48.6814,71.6433,11.62,85,100,5.23
560,Manga,BF,2022-02-02 16:38:46,11.6636,-1.0731,87.75,4,2,10.36
561,Taitung,TW,2022-02-02 16:38:47,22.7583,121.1444,68.23,85,70,6.93
562,Kirakira,SB,2022-02-02 16:38:47,-10.4544,161.9205,79.43,84,100,5.7
563,Myitkyina,MM,2022-02-02 16:38:48,25.3833,97.4,51.71,92,8,3.69
564,Constitucion,CL,2022-02-02 16:38:48,-35.3333,-72.4167,67.51,64,3,8.23
565,Alofi,NU,2022-02-02 16:38:49,-19.0595,-169.9187,73.29,94,88,2.3
566,Tapes,BR,2022-02-02 16:38:49,-30.6733,-51.3958,83.82,54,1,7.9
567,Asau,RO,2022-02-02 16:38:50,46.4333,26.4,34.72,88,97,5.97
568,Da Lat,VN,2022-02-02 16:38:50,11.9465,108.4419,57.88,90,61,2.15
569,Griffith,US,2022-02-02 16:38:51,41.5284,-87.4237,27.63,92,100,3.0
570,Guaranda,EC,2022-02-02 16:38:51,-1.6,-79.0,62.91,68,26,7.61
571,Poum,NC,2022-02-02 16:38:51,-20.2333,164.0167,79.29,76,1,12.24
572,Basco,PH,2022-02-02 16:38:52,20.4487,121.9702,74.61,73,71,13.78
573,Monrovia,LR,2022-02-02 16:38:52,6.3005,-10.7969,91.17,67,54,12.59
574,Taonan,CN,2022-02-02 16:38:53,45.3333,122.7833,-8.7,88,12,4.76
575,Beipiao,CN,2022-02-02 16:38:53,41.7919,120.7792,1.0,88,2,3.11
576,Straumen,NO,2022-02-02 16:38:54,63.8709,11.2999,23.0,89,100,4.9
577,El Jicaro,GT,2022-02-02 16:38:55,14.9167,-89.9,83.73,39,0,1.88
578,Constantine,DZ,2022-02-02 16:38:55,36.365,6.6147,54.81,50,40,20.71
579,Ipixuna,BR,2022-02-02 16:38:56,-1.7625,-48.8043,85.95,72,94,2.68
580,Batticaloa,LK,2022-02-02 16:38:56,7.7102,81.6924,76.93,70,6,6.96
581,Trincomalee,LK,2022-02-02 16:36:15,8.5711,81.2335,78.03,68,5,10.33
582,Deniliquin,AU,2022-02-02 16:38:05,-35.5333,144.9667,53.01,58,0,15.05
583,Sivaki,RU,2022-02-02 16:38:57,52.6333,126.75,-9.11,89,17,8.32
584,Hay River,CA,2022-02-02 16:38:57,60.8156,-115.7999,-22.04,76,20,3.44
585,Vanavara,RU,2022-02-02 16:38:58,60.34,102.2797,-12.89,100,87,2.75
586,Svirstroy,RU,2022-02-02 16:38:58,60.7999,33.7248,11.23,99,100,1.59
587,Palana,RU,2022-02-02 16:38:58,59.1167,159.9667,15.06,87,100,15.41
588,Smidovich,RU,2022-02-02 16:38:59,48.6,133.8167,-24.02,100,71,3.04
589,Sovetskiy,RU,2022-02-02 16:38:59,61.3614,63.5842,22.24,97,100,4.54
590,Bereda,ES,2022-02-02 16:39:00,43.2686,-7.5406,60.55,71,32,0.67
591,Hargeysa,SO,2022-02-02 16:39:00,9.56,44.065,63.41,78,100,13.51
592,Meadow Lake,US,2022-02-02 16:39:01,34.8014,-106.5436,37.35,72,100,11.86
593,Punto Fijo,VE,2022-02-02 16:39:01,11.6956,-70.1996,83.48,62,62,24.72
594,Naryan-Mar,RU,2022-02-02 16:39:01,67.6713,53.087,8.74,96,100,9.01
595,Goderich,CA,2022-02-02 16:35:21,43.7501,-81.7165,33.21,93,100,5.75
596,Dekalb,US,2022-02-02 16:40:02,33.7504,-84.2333,51.8,64,100,4.61
597,Bondo,CD,2022-02-02 16:40:02,3.8146,23.6866,82.18,32,35,1.61
598,Hurricane,US,2022-02-02 16:40:03,37.1753,-113.2899,35.94,27,0,17.16
